Species,phylo,climb2,climb,MANUS,SMI,BI,HRI,HEB,OLI,URI,CI,FRI,GI,FEB,TRI,TSI,PES,IM,SI,Catalog_number,Total_length,Tail_length,TAIL
Apomys_abrae,Apomys_abrae,0.07,0,0.529220779,0.403825717,1.08607864,0.064293305,0.218916047,0.14775359,0.042149143,1.306603774,0.063679245,0.072327044,0.16745283,0.040613718,0.30354994,0.367903104,0.688650307,0.736588721,193876,263,127,0.4828897
Apomys_abrae,Apomys_abrae,0.07,0,0.554367201,0.378208486,1.109481404,0.080670508,0.230487166,0.139629462,0.035698147,1.27936747,0.074171687,0.070406627,0.160391566,0.047380812,0.278104768,0.396069539,0.680872151,0.733153639,188437,271,135,0.498155
Apomys_abrae,Apomys_abrae,0.07,0,0.571669477,0.420098847,1.138385502,0.07907743,0.247116969,0.149976927,0.037378865,1.359709326,0.07549455,0.079531692,0.172789665,0.041270784,0.298396675,0.320197044,0.682292558,0.646243618,167347,248,120,0.483871
Apomys_abrae,Apomys_abrae,0.07,0,0.574906367,0.407260352,1.11514464,0.066364152,0.242200794,0.140804598,0.039750958,1.310553983,0.066720582,0.06995552,0.167003639,0.035174329,0.2891083,0.334845049,0.673958698,0.701425356,214361,242,124,0.5123967
Apomys_abrae,Apomys_abrae,0.07,0,0.586826347,0.393442623,1.114754098,0.078381148,0.247438525,0.139141743,0.029908973,1.355143722,0.066187595,0.082072617,0.18494705,0.039631594,0.270443762,0.349744246,0.683956962,0.789256198,170905,283,142,0.5017668
Apomys_abrae,Apomys_abrae,0.07,0,0.59375,0.365792129,1.122603431,0.080221998,0.239152371,0.146257032,0.039376893,1.264,0.066545455,0.079636364,0.171272727,0.042002301,0.329113924,0.357244318,0.689527787,0.699004975,170907,268,127,0.4738806
Apomys_abrae,Apomys_abrae,0.07,0,0.597826087,0.399695277,1.076688674,0.073641442,0.230573895,0.146780729,0.036019811,1.298841987,0.064251027,0.073963392,0.170339933,0.041415013,0.319240725,0.355944056,0.680857979,0.752980132,170929,275,133,0.4836364
Apomys_abrae,Apomys_abrae,0.07,0,0.602473498,0.388190268,1.090759978,0.073810826,0.234554401,0.153187441,0.046146527,1.334008918,0.066072152,0.073368464,0.166193758,0.03980553,0.303859009,0.347795661,0.682702327,0.489840348,167355,250,125,0.5
Apomys_abrae,Apomys_abrae,0.07,0,0.603588907,0.410035479,1.119107957,0.076533198,0.235681703,0.149935373,0.030159414,1.302233429,0.063040346,0.071325648,0.165345821,0.043706777,0.282710927,0.372248165,0.671882335,0.679722047,170911,272,133,0.4889706
Apomys_abrae,Apomys_abrae,0.07,0,0.604414261,0.406900329,1.105695509,0.066812705,0.228368018,0.143527205,0.03564728,1.348392348,0.067562068,0.073667074,0.167277167,0.038031995,0.31119831,0.375459221,0.685961872,0.71875,193869,258,130,0.503876
Apomys_abrae,Apomys_abrae,0.07,0,0.608482871,0.40031072,1.092698084,0.071983428,0.233039876,0.152872004,0.037087291,1.32111154,0.070629101,0.070629101,0.170590506,0.038562664,0.293602103,0.355140187,0.688726305,0.675064599,170919,275,139,0.5054545
Apomys_abrae,Apomys_abrae,0.07,0,0.612565445,0.378812199,1.120385233,0.076511503,0.240770465,0.148433954,0.038583749,1.361188119,0.068118812,0.071683168,0.165940594,0.038405586,0.274949084,0.357142857,0.682992284,0.721207865,167342,260,128,0.4923077
Apomys_abrae,Apomys_abrae,0.07,0,0.654340836,0.383583691,1.129828326,0.079399142,0.228004292,0.158586316,0.030357952,1.316660254,0.06733359,0.077722201,0.165063486,0.042080655,0.322033898,0.354659249,0.676133533,0.684641638,170927,267,137,0.5131086
Apomys_abrae,Apomys_abrae,0.07,0,0.673431734,0.416313559,1.078389831,0.067266949,0.234639831,0.142989357,0.043035632,1.329933307,0.067085131,0.070615928,0.163593566,0.040412979,0.287020649,0.387394312,0.681764607,0.684894053,214362,262,133,0.5076336
Apomys_banahao,Apomys_banahao,0.02,0,0.566558442,0.420225822,1.092783505,0.067746686,0.246931762,0.142431973,0.038690476,1.327014218,0.064163325,0.064892454,0.184469559,0.042307692,0.274175824,0.358974359,0.687607708,0.704545455,218491,265,123,0.4641509
Apomys_banahao,Apomys_banahao,0.02,0,0.57704918,0.413634034,1.116863147,0.074833419,0.253203485,0.148051948,0.041125541,1.313889902,0.075100255,0.075100255,0.173168064,0.045782464,0.29772475,0.362794013,0.671340791,0.698538368,179478,267,125,0.4681648
Apomys_banahao,Apomys_banahao,0.02,0,0.582258065,0.433042586,1.159055926,0.076962545,0.246280144,0.131435747,0.038509837,1.297347089,0.071481209,0.073691968,0.179808401,0.044305595,0.322067594,0.332635983,0.6957498,0.724,218490,265,131,0.4943396
Apomys_banahao,Apomys_banahao,0.02,0,0.603146853,0.43282853,1.084025403,0.070346849,0.237909135,0.129787234,0.036170213,1.266833811,0.069842407,0.070558739,0.179799427,0.043822448,0.326547922,0.376912378,0.694738505,0.742405063,179480,263,123,0.4676806
Apomys_banahao,Apomys_banahao,0.02,0,0.630218688,0.447608812,1.128962923,0.069854917,0.247178936,0.145364536,0.036453645,1.324020179,0.066356228,0.074505239,0.174233605,0.046307151,0.297772567,0.359765051,0.681749875,0.691525424,218515,261,128,0.4904215
Apomys_datae,Apomys_datae,0.05,0,0.542763158,0.421001927,1.116088632,0.064547206,0.263487476,0.158025715,0.039817503,1.290119131,0.067624387,0.080238262,0.178346181,0.043997827,0.299565454,0.339148639,0.686505508,0.708002443,188440,280,126,0.45
Apomys_datae,Apomys_datae,0.05,0,0.546623794,0.387160494,1.135308642,0.079012346,0.230123457,0.141068447,0.038814691,1.305802777,0.066571734,0.075827697,0.157707369,0.040621592,0.326335878,0.321549966,0.682569091,0.637654321,175630,271,129,0.4760148
Apomys_datae,Apomys_datae,0.05,0,0.548895899,0.404162633,1.144240077,0.074056147,0.255566312,0.133174792,0.038842648,1.352107687,0.078639745,0.067304286,0.170031881,0.042441708,0.310453236,0.341655716,0.691114458,0.683002481,170948,290,139,0.4793103
Apomys_datae,Apomys_datae,0.05,0,0.54954955,0.400985222,1.167980296,0.065517241,0.248768473,0.141104294,0.040899796,1.330344333,0.06527977,0.073888092,0.167862267,0.038285252,0.334861149,0.360966057,0.688779437,0.674861709,170954,277,138,0.4981949
Apomys_datae,Apomys_datae,0.05,0,0.551401869,0.412887828,1.077326969,0.074940334,0.268735084,0.160346249,0.040807914,1.314194009,0.068116976,0.080599144,0.163694722,0.044776119,0.324287653,0.31833223,0.696717522,0.669469599,188438,278,136,0.4892086
Apomys_datae,Apomys_datae,0.05,0,0.557877814,0.451444813,1.114637613,0.076267172,0.256750355,0.1453958,0.039579968,1.342067989,0.081090652,0.077903683,0.17315864,0.046701847,0.301846966,0.338366507,0.693528878,0.664681358,214389,287,132,0.4599303
Apomys_datae,Apomys_datae,0.05,0,0.559055118,0.438869946,1.105698977,0.075499269,0.267900633,0.15027208,0.051067392,1.317866277,0.07234198,0.095725247,0.177932042,0.046021625,0.331577488,0.338104976,0.700189155,0.707423581,193890,278,133,0.4784173
Apomys_datae,Apomys_datae,0.05,0,0.577996716,0.416580311,1.154404145,0.069948187,0.241968912,0.133076594,0.041078306,1.319213313,0.063540091,0.074886536,0.158093797,0.039850917,0.230504587,0.35,0.695857795,0.66091954,170956,263,127,0.482889734
Apomys_datae,Apomys_datae,0.05,0,0.580209895,0.395012469,1.122194514,0.075311721,0.267331671,0.165176671,0.029799915,1.333333333,0.064576334,0.075027996,0.187010078,0.043673012,0.328387458,0.355337079,0.696528555,0.6796875,188448,279,132,0.4731183
Apomys_datae,Apomys_datae,0.05,0,0.581469649,0.39736442,1.132285859,0.078560568,0.253928028,0.149152542,0.039830508,1.333588957,0.074769939,0.067484663,0.17791411,0.050028752,0.272570443,0.378830084,0.71196188,0.755798969,188433,270,126,0.4666667
Apomys_datae,Apomys_datae,0.05,0,0.5856,0.41617357,1.098619329,0.076923077,0.24556213,0.147848317,0.037494674,1.310939794,0.059104258,0.071218796,0.173641703,0.047885746,0.247549706,0.368810052,0.694996029,0.665030675,188425,272,130,0.4779412
Apomys_datae,Apomys_datae,0.05,0,0.594040968,0.390522876,1.165577342,0.084422658,0.249455338,0.146493971,0.04600268,1.341066341,0.083842084,0.069190069,0.179080179,0.04370258,0.28831563,0.331347729,0.708449235,0.705566734,175662,259,122,0.4710425
Apomys_datae,Apomys_datae,0.05,0,0.601027397,0.426537875,1.115404169,0.076258261,0.256736146,0.14546244,0.04385584,1.263411025,0.071032186,0.073991861,0.169441361,0.045095168,0.29897511,0.340053763,0.697940503,0.671612903,175646,258,117,0.4534884
Apomys_datae,Apomys_datae,0.05,0,0.606164384,0.446145435,1.141607436,0.084199016,0.258064516,0.143437077,0.051420839,1.370759289,0.080371567,0.077948304,0.178917609,0.046258103,0.333235121,0.338830585,0.689267462,0.737759893,193898,263,123,0.4676806
Apomys_datae,Apomys_datae,0.05,0,0.620689655,0.414396887,1.13229572,0.069066148,0.247568093,0.152271797,0.043389275,1.306115235,0.068575468,0.076352068,0.165782962,0.039783491,0.312584574,0.370501059,0.689607603,0.681870011,170942,274,131,0.4781022
Apomys_datae,Apomys_datae,0.05,0,0.644262295,0.444978376,1.135992311,0.077366651,0.248438251,0.139183673,0.029795918,1.357168653,0.072950524,0.071144818,0.168652943,0.044970729,0.287919106,0.352898551,0.694193351,0.749696233,193940,272,125,0.4595588
Apomys_datae,Apomys_datae,0.05,0,0.647798742,0.416471689,1.150210576,0.075807206,0.256902199,0.145962733,0.044642857,1.354805726,0.074301295,0.075664622,0.168711656,0.041509434,0.303396226,0.338837517,0.682153713,0.724327628,193936,285,137,0.4807018
Apomys_gracilirostris,Apomys_gracilirostris,0,0,0.536379019,0.437405732,1.110105581,0.07340372,0.280542986,0.166372462,0.037069726,1.375860819,0.072490033,0.064153679,0.180500181,0.039251844,0.334299262,0.336863005,0.649122807,0.736318408,222321,299,155,0.5183946
Apomys_gracilirostris,Apomys_gracilirostris,0,0,0.541666667,0.441791045,1.080099502,0.078606965,0.272636816,0.157644002,0.043308792,1.344567946,0.070993188,0.069558982,0.182144138,0.042666667,0.3272,0.352159468,0.660498547,0.731677771,222320,285,151,0.5298246
Apomys_gracilirostris,Apomys_gracilirostris,0,0,0.570967742,0.44228904,1.061105723,0.069350145,0.271580989,0.166882277,0.052608883,1.368326765,0.069509137,0.064851308,0.183805088,0.041372087,0.325477874,0.371191136,0.662783661,0.727710843,222315,302,158,0.4904215
Apomys_gracilirostris,Apomys_gracilirostris,0,0,0.592891761,0.452558371,1.107799305,0.074018877,0.275707899,0.154007554,0.044901385,1.393049086,0.073092082,0.075241849,0.173772841,0.041923868,0.317386831,0.375081967,0.658182363,0.715840387,222319,287,150,0.5226481
Apomys_gracilirostris,Apomys_gracilirostris,0,0,0.617597293,0.42074364,1.081213307,0.076320939,0.271037182,0.162601626,0.042789902,1.38674829,0.066618653,0.081022686,0.161685272,0.035834848,0.298104388,0.31840796,0.660983705,0.695624604,222314,303,163,0.537953795
Apomys_iridensis,Apomys_iridensis,0.04,0,0.523274478,0.400480769,1.072596154,0.075,0.246153846,0.147381757,0.044341216,1.23125218,0.075340077,0.07917684,0.180676666,0.047308782,0.359206799,0.399408284,0.695325934,0.76376989,206335,274,132,0.4817518
Apomys_iridensis,Apomys_iridensis,0.04,0,0.556040757,0.376151236,1.042171595,0.080950073,0.238487639,0.159401145,0.035226772,1.2002772,0.070686071,0.077616078,0.175675676,0.047055427,0.338048499,0.353367125,0.682519685,0.685302594,206326,270,135,0.5
Apomys_iridensis,Apomys_iridensis,0.04,0,0.577464789,0.417489422,1.065820404,0.074753173,0.241654913,0.144360269,0.038720539,1.241117627,0.082097275,0.081407382,0.178337358,0.048638132,0.316008894,0.390081421,0.693089118,0.663107948,206330,276,132,0.4782609
Apomys_iridensis,Apomys_iridensis,0.04,0,0.603857567,0.419703104,1.089518668,0.070175439,0.231219073,0.141910331,0.042105263,1.271653543,0.072506562,0.082349081,0.173884514,0.046697626,0.045923633,0.34027326,0.691507799,0.74433657,206325,312,157,0.5032051
Apomys_iridensis,Apomys_iridensis,0.04,0,0.636764706,0.404640371,1.084918794,0.077030162,0.246867749,0.137207425,0.032687651,1.23615257,0.079933665,0.07893864,0.188059701,0.048027904,0.307217601,0.36545925,0.687184812,0.653583618,206336,300,156,0.52
Apomys_iridensis,Apomys_iridensis,0.04,0,0.646153846,0.400095374,1.054363376,0.075822604,0.236528374,0.156330749,0.044788975,1.221503913,0.070091868,0.094249745,0.167744131,0.0454039,0.325626741,0.378689705,0.676826467,0.69437799,206324,285,148,0.5192982
Apomys_microdon,Apomys_microdon,0.98,1,0.702083333,0.401273885,1.063694268,0.074309979,0.260438783,0.130597015,0.037313433,1.308436325,0.067168189,0.076303063,0.170875873,0.04312115,0.324845996,0.447976879,0.703212291,0.771457086,214487,225,130,0.5777778
Apomys_microdon,Apomys_microdon,0.98,1,0.740041929,0.414099932,1.045174538,0.073237509,0.249144422,0.133540373,0.031055901,1.274318065,0.066392177,0.068965517,0.171899125,0.042407108,0.310177706,0.415326395,0.694953609,0.696854147,189874,217,124,0.5714286
Apomys_microdon,Apomys_microdon,0.98,1,0.78012685,0.415768194,1.075471698,0.083557951,0.247978437,0.145770846,0.034793041,1.269173676,0.074715487,0.068283028,0.162790698,0.044054581,0.346978558,0.426470588,0.687091147,0.691674291,189875,223,118,0.529148
Apomys_microdon,Apomys_microdon,0.98,1,0.8,0.417561592,1.02274163,0.075805433,0.238155401,0.138728324,0.033526012,1.262773723,0.068126521,0.078345499,0.169343066,0.044701349,0.350289017,0.394785847,0.712473118,0.691629956,209548,220,134,0.6090909
Apomys_microdon,Apomys_microdon,0.98,1,0.814285714,0.404163676,1.071069634,0.07896626,0.259870782,0.151147959,0.035076531,1.329405163,0.069584736,0.066217733,0.178451178,0.041367666,0.344449135,0.44357213,0.713322091,0.717369971,209585,221,127,0.5746606
Apomys_musculus,Apomys_musculus,0.93,0.9,0.708010336,0.391169636,1.139426801,0.0697134,0.249419055,0.145406477,0.033046927,1.036585366,0.068902439,0.069512195,0.162195122,0.055294118,0.423529412,0.388308977,0.839520958,0.688557214,198853,212,120,0.5660377
Apomys_musculus,Apomys_musculus,0.93,0.9,0.714987715,0.3776,1.1328,0.0752,0.2592,0.139019476,0.0322364,1.453176162,0.069417158,0.072691552,0.183366077,0.038305543,0.296079315,0.390319258,0.731179925,0.753045404,214411,179,93,0.5195531
Apomys_musculus,Apomys_musculus,0.93,0.9,0.730046948,0.433414044,1.13236481,0.085552865,0.273607748,0.137414966,0.034013605,1.370947631,0.077930175,0.07605985,0.183291771,0.045475216,0.331969077,0.416579224,0.712332369,0.612903226,214409,207,115,0.5555556
Apomys_musculus,Apomys_musculus,0.93,0.9,0.740554156,0.39585134,1.14693172,0.076058773,0.266205704,0.130559541,0.038737446,1.457199735,0.069674851,0.061048441,0.176509622,0.039617486,0.31147541,0.413347686,0.688900891,0.694994179,214408,191,107,0.5602094
Apomys_musculus,Apomys_musculus,0.93,0.9,0.748677249,0.390070922,1.106382979,0.077226162,0.243498818,0.134062927,0.032831737,1.373382625,0.070240296,0.070856439,0.17991374,0.042171377,0.309107223,0.408026756,0.708982347,0.699897225,175718,201,113,0.5621891
Apomys_musculus,Apomys_musculus,0.93,0.9,0.772845953,0.396946565,1.134860051,0.081424936,0.279898219,0.140804598,0.033045977,1.42069435,0.076923077,0.064669843,0.189244384,0.043124102,0.311451845,0.398419865,0.723003375,0.710665259,214410,185,103,0.5567568
Apomys_musculus,Apomys_musculus,0.93,0.9,0.778061224,0.40172956,1.143867925,0.08490566,0.258647799,0.130663165,0.039395929,1.407292954,0.066749073,0.066749073,0.181087763,0.043039087,0.34914361,0.413646055,0.71758665,0.717151454,214407,208,117,0.5625
Apomys_musculus,Apomys_musculus,0.93,0.9,0.919770774,0.418416801,1.125201939,0.07996769,0.247980614,0.13105802,0.032081911,1.397649969,0.070500928,0.072356215,0.184291899,0.043362832,0.32079646,0.412197687,0.697188548,0.671763507,175719,204,113,0.5539216
Apomys_musculus,Apomys_musculus,0.93,0.9,0.928571429,0.42811245,1.128514056,0.086746988,0.257028112,0.140434193,0.044776119,1.389538462,0.077538462,0.069538462,0.176615385,0.040744021,0.32639504,0.438730853,0.70023178,0.756020942,218527,205,113,0.5512195
Apomys_sacobianus,Apomys_sacobianus,0,0,0.537190083,0.389631213,1.066274719,0.07536077,0.233030465,0.15915493,0.037558685,1.244199315,0.073411944,0.083682008,0.172689235,0.046774687,0.293182513,0.370449679,0.678135593,0.756613757,216363,254,132,0.519685
Apomys_sacobianus,Apomys_sacobianus,0,0,0.564935065,0.386329866,1.100544824,0.074294205,0.237741456,0.161929371,0.048664944,1.219487179,0.074188034,0.084444444,0.168888889,0.045416316,0.290159798,0.340306834,0.668669131,0.760216346,216365,279,137,0.4910394
Apomys_sacobianus,Apomys_sacobianus,0,0,0.568322981,0.430409914,1.066730219,0.076739752,0.238798856,0.147182506,0.034062237,1.248219736,0.065785012,0.08138352,0.16785351,0.046726433,0.319478403,0.365686945,0.675113122,0.7414791,216345,280,142,0.5071429
Apomys_sacobianus,Apomys_sacobianus,0,0,0.587301587,0.432765152,1.030776515,0.070075758,0.229640152,0.147260274,0.030821918,1.239837398,0.069444444,0.077913279,0.176829268,0.050546448,0.298360656,0.341682723,0.672716273,0.714006515,212722,275,135,0.4909091
Apomys_sacobianus,Apomys_sacobianus,0,0,0.58908046,0.413824885,1.083870968,0.073271889,0.232258065,0.147376852,0.035242291,1.218670886,0.066455696,0.087025316,0.162658228,0.04336536,0.317060504,0.359688918,0.665668236,0.744994111,216330,290,154,0.5310345
Apomys_sierrae,Apomys_sierrae,0.01,0,0.526392962,0.391100703,1.112412178,0.066510539,0.238875878,0.1508,0.0344,1.246966218,0.06264349,0.069530994,0.163988193,0.04392425,0.281956865,0.385154062,0.67654357,0.680466472,186827,283,141,0.4982332
Apomys_sierrae,Apomys_sierrae,0.01,0,0.556904401,0.41882805,1.107588857,0.073006724,0.229586936,0.145409223,0.039052763,1.22366178,0.064439141,0.071939993,0.163654961,0.046809696,0.295904152,0.376436782,0.688285802,0.637843908,186825,281,140,0.4982206
Apomys_sierrae,Apomys_sierrae,0.01,0,0.568571429,0.384827586,1.052873563,0.070804598,0.23908046,0.160632543,0.042446941,1.253324241,0.068871463,0.086259802,0.18274804,0.041893362,0.257616975,0.372589532,0.692691784,0.737318841,209570,283,142,0.5017668
Apomys_sierrae,Apomys_sierrae,0.01,0,0.577443609,0.401705353,1.043581241,0.070108953,0.244907627,0.149046794,0.040294627,1.20961605,0.071601522,0.072293324,0.177793151,0.048041178,0.309122105,0.364035088,0.691765811,0.705953097,209579,266,130,0.4887218
Apomys_sierrae,Apomys_sierrae,0.01,0,0.602739726,0.402641879,1.080234834,0.074363992,0.231898239,0.149804603,0.048632219,1.238008721,0.067587209,0.07122093,0.179505814,0.044907543,0.361608453,0.387096774,0.705796396,0.667744021,209586,273,132,0.4835165
Apomys_sierrae,Apomys_sierrae,0.01,0,0.703927492,0.423262548,1.109073359,0.065637066,0.23503861,0.129720854,0.03817734,1.277173913,0.065942029,0.076811594,0.180434783,0.046241135,0.336170213,0.393571429,0.717263325,0.668484848,186821,277,135,0.4873646
Apomys_zambalensis,Apomys_zambalensis,0.03,0,0.467692308,0.414634146,1.082439024,0.068780488,0.24097561,0.147223418,0.036160138,1.243177893,0.072884283,0.085319516,0.170984456,0.043901084,0.331480967,0.39869281,0.673390822,0.727163462,183635,265,123,0.4641509
Apomys_zambalensis,Apomys_zambalensis,0.03,0,0.590551181,0.415912339,1.118627918,0.073844688,0.234873749,0.147394137,0.033794788,1.247467927,0.068197164,0.074949359,0.168129642,0.048173207,0.314479026,0.38961039,0.684242151,0.645614035,179439,275,137,0.498181818
Apomys_zambalensis,Apomys_zambalensis,0.03,0,0.592436975,0.443008768,1.093677896,0.070143055,0.235809875,0.142683913,0.040824576,1.239735099,0.071192053,0.073178808,0.178807947,0.045138889,0.311698718,0.392857143,0.686132466,0.623868778,179441,282,142,0.5035461
Apomys_zambalensis,Apomys_zambalensis,0.03,0,0.611195159,0.394337715,1.059150657,0.069767442,0.248736097,0.14841629,0.035746606,1.297190202,0.074567723,0.09185879,0.188760807,0.044432102,0.298250486,0.384401114,0.656735142,0.670707071,183605,275,137,0.4981818
Apomys_zambalensis,Apomys_zambalensis,0.03,0,0.633387889,0.405113078,1.069813176,0.074237955,0.237463127,0.169454225,0.036091549,1.250085179,0.071550256,0.079045997,0.17649063,0.048242028,0.314254565,0.375166889,0.652029073,0.687652812,183627,280,137,0.4892857
Apomys_zambalensis,Apomys_zambalensis,0.03,0,0.658496732,0.398316971,1.056100982,0.072463768,0.240766713,0.149895616,0.03256785,1.209287116,0.068999346,0.085349902,0.161543492,0.046241211,0.347214711,0.415935673,0.671107164,0.704035874,183601,284,134,0.471831
Archboldomys_maximus,Archboldomys_maximus,0,0,0.658314351,0.447916667,1.05078125,0.089192708,0.327473958,0.181235431,0.042540793,1.384922616,0.07988018,0.055416875,0.205691463,0.047224225,0.293078587,0.430865299,0.680761985,0.731587561,193944,210,100,0.4761905
Archboldomys_maximus,Archboldomys_maximus,0,0,0.675555556,0.441157556,1.061736334,0.086173633,0.326688103,0.181557847,0.040091638,1.298417132,0.077281192,0.073556797,0.176443203,0.048404446,0.276801721,0.409780776,0.668624671,0.696637998,193943,213,108,0.5070423
Archboldomys_maximus,Archboldomys_maximus,0,0,0.695754717,0.449886963,1.134137151,0.099472494,0.355689525,0.186451212,0.05531386,1.356722014,0.081949652,0.072844135,0.197643278,0.046190288,0.284247927,0.389845095,0.667272727,0.719329214,193942,202,92,0.4554455
Batomys_granti,Batomys_granti,0.5,0.5,0.693113772,0.401836467,0.994315697,0.078705728,0.288150415,0.144050104,0.04091858,1.129919889,0.078369906,0.064437478,0.222222222,0.054254007,0.369297164,0.477960242,0.765658217,0.76036036,214412,310,144,0.4645161
Bullimus_luzonicus,Bullimus_luzonicus,0.01,0,0.519957983,0.437145715,1.082027342,0.07369123,0.244414805,0.164860908,0.044216691,1.109550562,0.068820225,0.092930712,0.181179775,0.054852321,0.40443038,0.373979314,0.71171771,0.801680672,209588,449,219,0.4877506
Bullimus_luzonicus,Bullimus_luzonicus,0.01,0,0.521825397,0.452673632,1.085740627,0.075291948,0.226183159,0.158434548,0.039136302,1.159385291,0.068935236,0.086937431,0.190120746,0.052262829,0.351259231,0.394065591,0.70750305,0.827395091,209589,461,214,0.4642082
Bullimus_luzonicus,Bullimus_luzonicus,0.01,0,0.53256705,0.490076336,0.989312977,0.076335878,0.25648855,0.189485846,0.04621606,1.086095476,0.080258495,0.099020221,0.192620388,0.058733205,0.350287908,0.38595592,0.67322874,0.834367727,188450,463,207,0.4470842
Bullimus_luzonicus,Bullimus_luzonicus,0.01,0,0.535374868,0.46605197,0.988264878,0.07152836,0.219893825,0.16036228,0.043686734,1.128971572,0.078177258,0.089464883,0.186036789,0.052212553,0.38141085,0.409810935,0.719980363,0.890862944,185971,475,229,0.4821053
Bullimus_luzonicus,Bullimus_luzonicus,0.01,0,0.541625857,0.456855792,1.062943262,0.088356974,0.255910165,0.174867725,0.051058201,1.115811088,0.077207392,0.09486653,0.175564682,0.060360692,0.366948841,0.40062435,0.695263975,0.861566485,188455,457,202,0.4420131
Bullimus_luzonicus,Bullimus_luzonicus,0.01,0,0.548672566,0.446875,1.057291667,0.076388889,0.257986111,0.175184729,0.042487685,1.13701283,0.070442992,0.092713629,0.198499153,0.052160954,0.329359165,0.370390754,0.694154961,0.845598194,214415,403,188,0.4665012
Chrotomys_whiteheadi,Chrotomys_whiteheadi,0,0,0.616084977,0.480976984,1.024894317,0.098168154,0.29309535,0.186637931,0.046982759,1.127434233,0.077212163,0.089853092,0.17594807,0.052424242,0.370606061,0.421826625,0.714469247,0.778232885,62284,282,115,0.4078014
Musseromys_beneficus,Musseromys_beneficus,1,1,0.810606061,0.45146379,1.152542373,0.089368259,0.266563945,0.132607303,0.037796284,1.294533762,0.074598071,0.061736334,0.192926045,0.046696473,0.36164928,0.53115727,0.801289238,0.737488196,198857,172,88,0.5116279
Phloeomys_pallidus,Phloeomys_pallidus,1,1,0.801526718,0.421191029,0.878112916,0.08553751,0.272389791,0.167780749,0.052139037,0.948337596,0.077365729,0.080179028,0.218030691,0.069714132,0.453074434,0.67472119,0.817077973,0.786917524,175730,739,335,0.4533153
Phloeomys_pallidus,Phloeomys_pallidus,1,1,0.815527538,0.451607691,0.823234771,0.079334303,0.29697851,0.160345138,0.055006292,0.962070801,0.090896992,0.097551238,0.237822731,0.074560797,0.442661502,0.713155292,0.797124059,0.851596424,214420,704,305,0.4332386
Phloeomys_pallidus,Phloeomys_pallidus,1,1,0.830759331,0.456490952,0.845318647,0.083398899,0.278992919,0.184737569,0.049896409,0.981736368,0.078348332,0.072789836,0.221016411,0.064572661,0.50242653,0.748543689,0.811206091,0.795723479,193967,752,320,0.4255319
Phloeomys_pallidus,Phloeomys_pallidus,1,1,0.887009472,0.479458308,0.865642118,0.083079732,0.280888618,0.158824501,0.054317319,0.995307612,0.088242961,0.099582899,0.244395203,0.076872708,0.499869041,0.739791073,0.824993467,0.80933277,214419,707,335,0.4738331
Rattus_everetti,Rattus_everetti,0.05,0,0.568106312,0.444296197,1.028352235,0.084056037,0.240827218,0.163233938,0.044266831,1.122785732,0.067944674,0.094151905,0.183693278,0.048411498,0.367840934,0.434628975,0.714563329,0.738154613,216581,270,133,0.4925926
Rattus_everetti,Rattus_everetti,0.05,0,0.601485149,0.474205671,0.963443799,0.084728391,0.246327298,0.170822102,0.052897574,1.117763483,0.074715487,0.089312222,0.182335477,0.052235502,0.442452413,0.478170478,0.688668224,0.771379459,191078,468,243,0.5192308
Rattus_everetti,Rattus_everetti,0.05,0,0.601553829,0.453566622,0.995289367,0.08243607,0.23923284,0.165613148,0.041403287,1.134350036,0.071169208,0.106027596,0.176228516,0.051216389,0.421895006,0.421679571,0.69592832,0.718603661,183642,478,243,0.5083682
Rattus_everetti,Rattus_everetti,0.05,0,0.603468208,0.476468679,0.969165855,0.090230445,0.249269718,0.173954373,0.047845374,1.082025678,0.071802187,0.104374703,0.180218735,0.055592178,0.383432213,0.448538755,0.712230216,0.817001675,189881,461,238,0.516269
Rattus_everetti,Rattus_everetti,0.05,0,0.665525114,0.464052288,1.060275962,0.086419753,0.245461147,0.155671108,0.039974001,1.145511646,0.079036901,0.091860769,0.194451714,0.051405072,0.369888051,0.454602379,0.711271042,0.853250478,191077,473,252,0.5327696
Rattus_everetti,Rattus_everetti,0.05,0,0.693266833,0.45942648,0.962172056,0.08480781,0.232153752,0.163363363,0.048648649,1.115038271,0.071814498,0.085547051,0.172219721,0.054512417,0.392287503,0.450909091,0.703352847,0.792243767,188468,484,228,0.4710744
Rhynchomys_soricoides,Rhynchomys_soricoides,0,0,0.51292517,0.488352028,1.153149267,0.088006903,0.315789474,0.170834801,0.047551955,1.213637694,0.076382792,0.082528534,0.188176763,0.047745358,0.282131661,0.387898089,0.681782126,0.868599034,198886,333,135,0.4054054
Rhynchomys_soricoides,Rhynchomys_soricoides,0,0,0.518776078,0.476873265,1.178075856,0.084181314,0.332562442,0.167098926,0.055205632,1.213710975,0.079497908,0.086578693,0.207273898,0.055688146,0.309466985,0.380982368,0.706746147,0.842871486,193980,328,143,0.4359756
Rhynchomys_soricoides,Rhynchomys_soricoides,0,0,0.519817073,0.494268078,1.168871252,0.087742504,0.316137566,0.169777459,0.056353195,1.15315835,0.074415922,0.083645803,0.175656187,0.048274137,0.311655828,0.352976914,0.677026122,0.835310219,214423,329,137,0.4164134
Rhynchomys_soricoides,Rhynchomys_soricoides,0,0,0.524017467,0.523003472,1.161024306,0.094618056,0.314670139,0.155586987,0.052687412,1.1876101,0.089547857,0.076042278,0.196711685,0.052657602,0.30407911,0.36474359,0.688766609,0.864179818,198884,343,147,0.4285714
Rhynchomys_soricoides,Rhynchomys_soricoides,0,0,0.525,0.465435809,1.078574495,0.090167454,0.306569343,0.176072235,0.061324304,1.1608144,0.073473001,0.07081735,0.182059605,0.050584647,0.339603457,0.36686009,0.681005053,0.870117647,170980,345,153,0.4434783
Rhynchomys_soricoides,Rhynchomys_soricoides,0,0,0.565217391,0.501437372,1.119507187,0.089117043,0.30349076,0.16972636,0.054728091,1.214165733,0.064949608,0.096864502,0.190369541,0.043809085,0.301590961,0.368728121,0.672904286,0.803212851,198883,364,145,0.3983516
Rhynchomys_soricoides,Rhynchomys_soricoides,0,0,0.593040847,0.500206186,1.113402062,0.087010309,0.301030928,0.168253968,0.048677249,1.176824034,0.078397711,0.104434907,0.187124464,0.04595186,0.294918551,0.328606658,0.691377497,0.830584039,198887,344,145,0.4215116
Soricomys_kalinga,Soricomys_kalinga,0.17,0.17,0.683510638,0.434169279,0.996865204,0.074451411,0.287617555,0.177959792,0.043186895,1.390773406,0.084803256,0.061058345,0.212347354,0.047804878,0.295121951,0.455214724,0.743189557,0.645283019,170965,187,88,0.4705882
Soricomys_kalinga,Soricomys_kalinga,0.17,0.17,0.722666667,0.458750964,0.98997687,0.068619892,0.290670779,0.171387073,0.050108932,1.382642998,0.071663379,0.067718606,0.191978961,0.043747028,0.330955777,0.460541814,0.73785872,0.661682243,170967,195,96,0.4923077
Soricomys_kalinga,Soricomys_kalinga,0.17,0.17,0.750677507,0.431906615,1.014007782,0.085603113,0.301167315,0.178909091,0.041454545,1.340782123,0.08069522,0.052762259,0.198634389,0.044907407,0.359722222,0.509569378,0.705383187,0.665738162,175720,200,92,0.46
Soricomys_montanus,Soricomys_montanus,0.27,0.27,0.702564103,0.456968774,1.017517136,0.083015994,0.287128713,0.184417441,0.035739814,1.344993969,0.072376357,0.051266586,0.187575392,0.04529148,0.332735426,0.44431946,0.697530864,0.639175258,188449,199,98,0.4924623